{
  "age_bins": [
    "18-30",
    "30-40",
    "40-50",
    "50-60",
    "60-70",
    "70-80"
  ],
  "organs": {
    "liver": {
      "display_name": "Liver",
      "mean_gaps": [
        19.49023085032075,
        10.91781984535047,
        2.1167200981032197,
        -2.182249573631754,
        -9.365579257618744,
        -13.987767975746461
      ],
      "std_gaps": [
        10.406263241967808,
        9.794671321561312,
        8.548428446844259,
        9.06310307604307,
        9.793347228345619,
        10.515942533239109
      ],
      "n_individuals": [
        97,
        83,
        63,
        89,
        103,
        57
      ]
    },
    "kidney": {
      "display_name": "Kidney",
      "mean_gaps": [
        19.200825890208147,
        10.18005657688107,
        3.4905612789050875,
        -3.794856464090217,
        -10.040660604180378,
        -15.051144435088597
      ],
      "std_gaps": [
        11.297917505341122,
        9.830702111637887,
        11.56424291005793,
        11.095450508062408,
        11.451634901798354,
        11.472056543794043
      ],
      "n_individuals": [
        97,
        83,
        63,
        89,
        103,
        57
      ]
    },
    "cardio_metabolic": {
      "display_name": "Cardio Metabolic",
      "mean_gaps": [
        15.808547032243194,
        8.68636006539483,
        1.8055552303026468,
        -0.8693381710876334,
        -6.890792858952687,
        -10.544989249310973
      ],
      "std_gaps": [
        11.02564057145427,
        11.310139932349053,
        10.34916529793249,
        8.396006009082475,
        9.971847793273813,
        10.443281303360171
      ],
      "n_individuals": [
        97,
        83,
        63,
        89,
        103,
        57
      ]
    },
    "immune": {
      "display_name": "Immune",
      "mean_gaps": [
        23.149254868484984,
        13.845143344460308,
        3.1625122400800296,
        -4.83478515933328,
        -13.644798091368713,
        -20.882805367427206
      ],
      "std_gaps": [
        8.185749478568143,
        8.544756043213082,
        7.839701960098279,
        8.58633943599051,
        10.080147476065244,
        8.106651065177896
      ],
      "n_individuals": [
        97,
        83,
        63,
        89,
        103,
        57
      ]
    },
    "hematologic": {
      "display_name": "Hematologic",
      "mean_gaps": [
        21.83551870256814,
        12.347354954669033,
        3.3643555700566976,
        -4.175954508421333,
        -11.71829817053581,
        -19.41054584549239
      ],
      "std_gaps": [
        9.539160961213936,
        11.526149216201452,
        10.013072514177706,
        11.147168808221416,
        11.206828753400027,
        9.71020108665801
      ],
      "n_individuals": [
        97,
        83,
        63,
        89,
        103,
        57
      ]
    }
  },
  "date_generated": "2025-11-23T13:05:41.845130"
}