{
  "age_bins": [
    "18-30",
    "30-40",
    "40-50",
    "50-60",
    "60-70",
    "70-80"
  ],
  "organs": {
    "liver": {
      "display_name": "Liver",
      "mean_gaps": [
        19.08024267035641,
        10.374167603782247,
        1.5237911125288528,
        -2.7717866516669463,
        -9.078341662717541,
        -14.364138294035726
      ],
      "std_gaps": [
        9.996162154240327,
        9.970594963004435,
        8.95774078539088,
        9.435148491754992,
        9.342928004989089,
        10.058748265820945
      ],
      "n_individuals": [
        97,
        83,
        63,
        89,
        103,
        57
      ]
    },
    "kidney": {
      "display_name": "Kidney",
      "mean_gaps": [
        19.484588675647718,
        9.722041492575617,
        3.103320427808251,
        -4.3121597444549105,
        -10.503265230142834,
        -15.55006963674218
      ],
      "std_gaps": [
        11.877132473785796,
        10.740461022768356,
        11.075882143994688,
        11.090499141090518,
        11.654325464457141,
        11.685323165661714
      ],
      "n_individuals": [
        97,
        83,
        63,
        89,
        103,
        57
      ]
    },
    "cardio_metabolic": {
      "display_name": "Cardio Metabolic",
      "mean_gaps": [
        15.808547032243194,
        8.68636006539483,
        1.8055552303026468,
        -0.8693381710876334,
        -6.890792858952687,
        -10.544989249310973
      ],
      "std_gaps": [
        11.02564057145427,
        11.310139932349053,
        10.34916529793249,
        8.396006009082475,
        9.971847793273813,
        10.443281303360171
      ],
      "n_individuals": [
        97,
        83,
        63,
        89,
        103,
        57
      ]
    },
    "immune": {
      "display_name": "Immune",
      "mean_gaps": [
        23.23652170594835,
        14.197251384025982,
        3.4564848945193707,
        -4.3410952653467225,
        -12.752892949545343,
        -20.370984082947412
      ],
      "std_gaps": [
        8.654067144420868,
        8.258357401711107,
        8.464955119425065,
        8.619862689592438,
        9.859541541085344,
        8.566156645539031
      ],
      "n_individuals": [
        97,
        83,
        63,
        89,
        103,
        57
      ]
    },
    "hematologic": {
      "display_name": "Hematologic",
      "mean_gaps": [
        21.83551870256814,
        12.347354954669033,
        3.3643555700566976,
        -4.175954508421333,
        -11.71829817053581,
        -19.41054584549239
      ],
      "std_gaps": [
        9.539160961213936,
        11.526149216201452,
        10.013072514177706,
        11.147168808221416,
        11.206828753400027,
        9.71020108665801
      ],
      "n_individuals": [
        97,
        83,
        63,
        89,
        103,
        57
      ]
    }
  },
  "date_generated": "2025-11-23T12:17:19.429155"
}