{
  "organs": [
    {
      "name": "liver",
      "display_name": "Liver",
      "linear": {
        "train_mae": 13.608495635985602,
        "val_mae": 14.344625941146568,
        "test_mae": 13.8153532922468,
        "train_r2": 0.22572785204635715,
        "val_r2": 0.18112242831142222,
        "test_r2": 0.22323020373517655
      },
      "gradient_boosting": {
        "train_mae": 7.109859885263503,
        "val_mae": 13.322826435250049,
        "test_mae": 12.627997469748209,
        "train_r2": 0.749956813403655,
        "val_r2": 0.2597382308817988,
        "test_r2": 0.3103388485621561
      },
      "improvement_pct": 8.6
    },
    {
      "name": "kidney",
      "display_name": "Kidney",
      "linear": {
        "train_mae": 13.894379523875246,
        "val_mae": 14.261175278256484,
        "test_mae": 14.350983216410258,
        "train_r2": 0.200549867885354,
        "val_r2": 0.1810302916460279,
        "test_r2": 0.1870979236919379
      },
      "gradient_boosting": {
        "train_mae": 7.056625332286456,
        "val_mae": 13.752585879452969,
        "test_mae": 13.700396013564367,
        "train_r2": 0.7726720505076878,
        "val_r2": 0.18226668442884097,
        "test_r2": 0.19387261889136165
      },
      "improvement_pct": 4.5
    },
    {
      "name": "cardio_metabolic",
      "display_name": "Cardio Metabolic",
      "linear": {
        "train_mae": 12.155336796040373,
        "val_mae": 12.91680950775896,
        "test_mae": 13.04578648081269,
        "train_r2": 0.35663394654564584,
        "val_r2": 0.31055014533462866,
        "test_r2": 0.3015681007789872
      },
      "gradient_boosting": {
        "train_mae": 5.920137657062414,
        "val_mae": 11.54341903366221,
        "test_mae": 11.03260456901367,
        "train_r2": 0.8287491899889136,
        "val_r2": 0.3881540353288635,
        "test_r2": 0.42249628500444114
      },
      "improvement_pct": 15.4
    },
    {
      "name": "immune",
      "display_name": "Immune",
      "linear": {
        "train_mae": 15.136828731431017,
        "val_mae": 15.660373958791194,
        "test_mae": 15.487872240058802,
        "train_r2": 0.07888636098838187,
        "val_r2": 0.05447025339513656,
        "test_r2": 0.07976393949095972
      },
      "gradient_boosting": {
        "train_mae": 8.782002730827223,
        "val_mae": 15.791553665053346,
        "test_mae": 15.41519385871847,
        "train_r2": 0.6607434938652587,
        "val_r2": -0.013680485744382409,
        "test_r2": 0.04868817380227386
      },
      "improvement_pct": 0.5
    },
    {
      "name": "hematologic",
      "display_name": "Hematologic",
      "linear": {
        "train_mae": 14.245658142750838,
        "val_mae": 14.691464213223417,
        "test_mae": 14.793940847421542,
        "train_r2": 0.17288504880043443,
        "val_r2": 0.15445656589355927,
        "test_r2": 0.13806314092656014
      },
      "gradient_boosting": {
        "train_mae": 7.969852348551365,
        "val_mae": 14.283160568748585,
        "test_mae": 15.458323192412756,
        "train_r2": 0.7085846033854192,
        "val_r2": 0.12956135797968105,
        "test_r2": 0.023275469112336578
      },
      "improvement_pct": -4.5
    }
  ],
  "date_generated": "2025-11-23T05:29:55.134681"
}