{
  "age_bins": [
    "18-30",
    "30-40",
    "40-50",
    "50-60",
    "60-70",
    "70-80"
  ],
  "organs": {
    "liver": {
      "display_name": "Liver",
      "mean_gaps": [
        19.531583506424724,
        10.679268785703956,
        3.345924984636678,
        -2.28247873072835,
        -8.92793690565746,
        -14.32215430521598
      ],
      "std_gaps": [
        9.96485088006922,
        9.670942051711364,
        9.172325388937491,
        8.822459082089244,
        9.574973264132764,
        10.620785438538046
      ],
      "n_individuals": [
        97,
        83,
        63,
        89,
        103,
        57
      ]
    },
    "kidney": {
      "display_name": "Kidney",
      "mean_gaps": [
        19.339057443794538,
        10.020825644457227,
        4.019906899041528,
        -4.177791502856023,
        -10.847595804755803,
        -15.955562708770573
      ],
      "std_gaps": [
        11.323782115798386,
        10.374863081414823,
        11.3804332690616,
        11.393353538939923,
        11.747209301909287,
        11.648884772638876
      ],
      "n_individuals": [
        97,
        83,
        63,
        89,
        103,
        57
      ]
    },
    "cardio_metabolic": {
      "display_name": "Cardio Metabolic",
      "mean_gaps": [
        16.060241493709544,
        9.683924543730148,
        2.585493797687111,
        -1.179977271756084,
        -6.53410469091194,
        -10.729072370154949
      ],
      "std_gaps": [
        10.733190316484459,
        11.24294795261072,
        10.0770605607933,
        8.748081921941576,
        9.726983015673545,
        11.053364407995172
      ],
      "n_individuals": [
        97,
        83,
        63,
        89,
        103,
        57
      ]
    },
    "immune": {
      "display_name": "Immune",
      "mean_gaps": [
        23.306704398795336,
        14.633987701227028,
        3.7406804928642687,
        -4.767654743768611,
        -12.415218620405648,
        -19.85166418377604
      ],
      "std_gaps": [
        8.618780162450495,
        8.567479864653038,
        8.844812392121357,
        9.150618791799072,
        10.41058489613667,
        8.583510944620654
      ],
      "n_individuals": [
        97,
        83,
        63,
        89,
        103,
        57
      ]
    },
    "hematologic": {
      "display_name": "Hematologic",
      "mean_gaps": [
        22.602037052265157,
        13.048884713245041,
        4.263119355308473,
        -4.812170286792801,
        -11.8083425418488,
        -19.273167489526674
      ],
      "std_gaps": [
        9.916070012239185,
        12.137084705873992,
        10.367985604677832,
        10.944326584938038,
        11.097372724532637,
        9.790633921820008
      ],
      "n_individuals": [
        97,
        83,
        63,
        89,
        103,
        57
      ]
    }
  },
  "date_generated": "2025-11-23T05:29:55.157531"
}