{
  "best_models": {
    "liver": {
      "model_type": "gradient_boosting",
      "cv_mae": 12.43037618921213,
      "cv_r2": 0.2948521368661696,
      "test_mae": 12.682365858441946,
      "test_r2": 0.3019228772281972,
      "filename": "best_model_gb.pkl"
    },
    "kidney": {
      "model_type": "gradient_boosting",
      "cv_mae": 12.845643813179203,
      "cv_r2": 0.27331760449423914,
      "test_mae": 13.432616470348034,
      "test_r2": 0.22824997710169648,
      "filename": "best_model_gb.pkl"
    },
    "cardio_metabolic": {
      "model_type": "gradient_boosting",
      "cv_mae": 10.460511351153789,
      "cv_r2": 0.47365586616062405,
      "test_mae": 10.840308887403513,
      "test_r2": 0.43857621151128856,
      "filename": "best_model_gb.pkl"
    },
    "immune": {
      "model_type": "gradient_boosting",
      "cv_mae": 15.121800946796464,
      "cv_r2": 0.034240732110598436,
      "test_mae": 15.269219350509168,
      "test_r2": 0.06439719206299654,
      "filename": "best_model_gb.pkl"
    },
    "hematologic": {
      "model_type": "gradient_boosting",
      "cv_mae": 13.864489828066052,
      "cv_r2": 0.15708695910348264,
      "test_mae": 14.964922035212096,
      "test_r2": 0.07557076266559737,
      "filename": "best_model_gb.pkl"
    }
  },
  "selection_criteria": {
    "primary": "Cross-validation MAE (lower is better)",
    "method": "5-fold cross-validation",
    "note": "Only the best performing model saved per organ"
  },
  "all_metrics": {
    "liver": {
      "linear": {
        "cv": {
          "train_mae": 13.807854258755302,
          "train_mae_std": 0.18101870843074547,
          "val_mae": 13.889984273284744,
          "val_mae_std": 0.6846292628493214,
          "train_rmse": 16.402218253745524,
          "train_rmse_std": 0.16214013285131967,
          "val_rmse": 16.49716934069316,
          "val_rmse_std": 0.624083280208336,
          "train_r2": 0.21532920043887643,
          "train_r2_std": 0.009059922855054985,
          "val_r2": 0.20430046955918318,
          "val_r2_std": 0.03457323863533377
        },
        "test": {
          "mae": 13.818348897282515,
          "rmse": 16.51454012866413,
          "r2": 0.22230887787170706
        }
      },
      "gradient_boosting": {
        "cv": {
          "train_mae": 6.929563840453248,
          "train_mae_std": 0.10424766634234692,
          "val_mae": 12.43037618921213,
          "val_mae_std": 0.41488936229118123,
          "train_rmse": 8.993707691867765,
          "train_rmse_std": 0.0957626346481117,
          "val_rmse": 15.528019311670846,
          "val_rmse_std": 0.3810000651421107,
          "train_r2": 0.7640927144065807,
          "train_r2_std": 0.0021053820546384837,
          "val_r2": 0.2948521368661696,
          "val_r2_std": 0.01966165435814049
        },
        "test": {
          "mae": 12.682365858441946,
          "rmse": 15.646406775321521,
          "r2": 0.3019228772281972
        }
      }
    },
    "kidney": {
      "linear": {
        "cv": {
          "train_mae": 13.971580538989945,
          "train_mae_std": 0.15717092326889406,
          "val_mae": 14.041778500779383,
          "val_mae_std": 0.6428313114800079,
          "train_rmse": 16.580515437333474,
          "train_rmse_std": 0.12987635329737582,
          "val_rmse": 16.69648423038292,
          "val_rmse_std": 0.502724854662215,
          "train_r2": 0.19814223738289452,
          "train_r2_std": 0.00975018432403387,
          "val_r2": 0.18457416753752728,
          "val_r2_std": 0.0343972874382405
        },
        "test": {
          "mae": 14.352228146047654,
          "rmse": 16.885912547653703,
          "r2": 0.1869387873496573
        }
      },
      "gradient_boosting": {
        "cv": {
          "train_mae": 7.019128808481919,
          "train_mae_std": 0.1216853941065465,
          "val_mae": 12.845643813179203,
          "val_mae_std": 0.49411259015617803,
          "train_rmse": 8.747217387949492,
          "train_rmse_std": 0.13038235561113365,
          "val_rmse": 15.756047825078147,
          "val_rmse_std": 0.4814626113185723,
          "train_r2": 0.776811444012626,
          "train_r2_std": 0.005486021868949778,
          "val_r2": 0.27331760449423914,
          "val_r2_std": 0.041247576325322236
        },
        "test": {
          "mae": 13.432616470348034,
          "rmse": 16.451338542436044,
          "r2": 0.22824997710169648
        }
      }
    },
    "cardio_metabolic": {
      "linear": {
        "cv": {
          "train_mae": 12.359173483157425,
          "train_mae_std": 0.11531542628189391,
          "val_mae": 12.443300008706412,
          "val_mae_std": 0.465292125633876,
          "train_rmse": 14.972869360946873,
          "train_rmse_std": 0.10679847547468248,
          "val_rmse": 15.067588668836942,
          "val_rmse_std": 0.40357149438876727,
          "train_r2": 0.3460785076864502,
          "train_r2_std": 0.009069637830323215,
          "val_r2": 0.33559208522428957,
          "val_r2_std": 0.03258649823231795
        },
        "test": {
          "mae": 13.035794074287773,
          "rmse": 15.621952830352146,
          "r2": 0.3041032372002025
        }
      },
      "gradient_boosting": {
        "cv": {
          "train_mae": 5.93313098749227,
          "train_mae_std": 0.07892378327556791,
          "val_mae": 10.460511351153789,
          "val_mae_std": 0.29325397717961443,
          "train_rmse": 7.645801556411987,
          "train_rmse_std": 0.09728281126193196,
          "val_rmse": 13.386458627073534,
          "val_rmse_std": 0.4080250283904934,
          "train_r2": 0.8294322393079385,
          "train_r2_std": 0.0055100570130079286,
          "val_r2": 0.47365586616062405,
          "val_r2_std": 0.05271801131396809
        },
        "test": {
          "mae": 10.840308887403513,
          "rmse": 14.031636300546362,
          "r2": 0.43857621151128856
        }
      }
    },
    "immune": {
      "linear": {
        "cv": {
          "train_mae": 15.141412590356216,
          "train_mae_std": 0.14025247101669808,
          "val_mae": 15.244890534609075,
          "val_mae_std": 0.5062156480606277,
          "train_rmse": 17.66939725009195,
          "train_rmse_std": 0.11744474487662104,
          "val_rmse": 17.83047332350341,
          "val_rmse_std": 0.4377123352958407,
          "train_r2": 0.08939912130331958,
          "train_r2_std": 0.005474935245075094,
          "val_r2": 0.07025646655234881,
          "val_r2_std": 0.02550076972584377
        },
        "test": {
          "mae": 15.305628479434885,
          "rmse": 17.8129354228895,
          "r2": 0.09521548572298522
        }
      },
      "gradient_boosting": {
        "cv": {
          "train_mae": 8.600025048717791,
          "train_mae_std": 0.15183465176561184,
          "val_mae": 15.121800946796464,
          "val_mae_std": 0.22367378178392777,
          "train_rmse": 10.554310707321052,
          "train_rmse_std": 0.1445929670104004,
          "val_rmse": 18.166277196471537,
          "val_rmse_std": 0.22287646600477998,
          "train_r2": 0.6750503702957367,
          "train_r2_std": 0.008302641413514516,
          "val_r2": 0.034240732110598436,
          "val_r2_std": 0.03380570455036672
        },
        "test": {
          "mae": 15.269219350509168,
          "rmse": 18.11376263104465,
          "r2": 0.06439719206299654
        }
      }
    },
    "hematologic": {
      "linear": {
        "cv": {
          "train_mae": 14.358493503595287,
          "train_mae_std": 0.10888681255634898,
          "val_mae": 14.450060166386754,
          "val_mae_std": 0.4647810428158808,
          "train_rmse": 16.870815909624717,
          "train_rmse_std": 0.10029609041483481,
          "val_rmse": 16.96392262819852,
          "val_rmse_std": 0.42672752891882654,
          "train_r2": 0.16981328393302322,
          "train_r2_std": 0.00854534072086891,
          "val_r2": 0.15809965288494982,