{
  "best_models": {
    "liver": {
      "model_type": "gradient_boosting",
      "cv_mae": 12.561741602797301,
      "cv_r2": 0.2841360296309515,
      "test_mae": 12.77395310997404,
      "test_r2": 0.29715563992424776,
      "filename": "best_model_gb.pkl"
    },
    "kidney": {
      "model_type": "gradient_boosting",
      "cv_mae": 12.95118063639811,
      "cv_r2": 0.25639647569891183,
      "test_mae": 13.71699519413355,
      "test_r2": 0.1989743631817661,
      "filename": "best_model_gb.pkl"
    },
    "cardio_metabolic": {
      "model_type": "gradient_boosting",
      "cv_mae": 10.71212425816942,
      "cv_r2": 0.45073642604242165,
      "test_mae": 11.03260456901367,
      "test_r2": 0.42249628500444114,
      "filename": "best_model_gb.pkl"
    },
    "immune": {
      "model_type": "linear",
      "cv_mae": 15.236121758761275,
      "cv_r2": 0.07194576167624549,
      "test_mae": 15.309098888629402,
      "test_r2": 0.09431315688584219,
      "filename": "best_model_linear.pkl"
    },
    "hematologic": {
      "model_type": "gradient_boosting",
      "cv_mae": 14.127698209054028,
      "cv_r2": 0.13597858879347863,
      "test_mae": 15.458323192412756,
      "test_r2": 0.023275469112336578,
      "filename": "best_model_gb.pkl"
    }
  },
  "selection_criteria": {
    "primary": "Cross-validation MAE (lower is better)",
    "method": "5-fold cross-validation",
    "note": "Only the best performing model saved per organ"
  },
  "all_metrics": {
    "liver": {
      "linear": {
        "cv": {
          "train_mae": 13.812689754247732,
          "train_mae_std": 0.17719000024070822,
          "val_mae": 13.892541226530813,
          "val_mae_std": 0.681644279738404,
          "train_rmse": 16.40593434173503,
          "train_rmse_std": 0.15919887106103697,
          "val_rmse": 16.491852263908562,
          "val_rmse_std": 0.6168134984143935,
          "train_r2": 0.21497214494745362,
          "train_r2_std": 0.008946242458762311,
          "val_r2": 0.2047911603010853,
          "val_r2_std": 0.03450079989779632
        },
        "test": {
          "mae": 13.814739750503557,
          "rmse": 16.510065821376013,
          "r2": 0.22273022265735265
        }
      },
      "gradient_boosting": {
        "cv": {
          "train_mae": 7.052043390604949,
          "train_mae_std": 0.11387664736878124,
          "val_mae": 12.561741602797301,
          "val_mae_std": 0.47853926818421,
          "train_rmse": 9.124492655405327,
          "train_rmse_std": 0.07728068211949125,
          "val_rmse": 15.642742304052032,
          "val_rmse_std": 0.4269266417829475,
          "train_r2": 0.7571303167796015,
          "train_r2_std": 0.004944490736662248,
          "val_r2": 0.2841360296309515,
          "val_r2_std": 0.03060535494390068
        },
        "test": {
          "mae": 12.77395310997404,
          "rmse": 15.699741298660589,
          "r2": 0.29715563992424776
        }
      }
    },
    "kidney": {
      "linear": {
        "cv": {
          "train_mae": 13.972829611989999,
          "train_mae_std": 0.15547178326387256,
          "val_mae": 14.039396518199151,
          "val_mae_std": 0.6370183879672373,
          "train_rmse": 16.583053683453038,
          "train_rmse_std": 0.1273408835551996,
          "val_rmse": 16.69303690943925,
          "val_rmse_std": 0.4979748592545411,
          "train_r2": 0.19789551383173817,
          "train_r2_std": 0.00969179093640299,
          "val_r2": 0.1848971903361373,
          "val_r2_std": 0.03440538276112161
        },
        "test": {
          "mae": 14.353084811672106,
          "rmse": 16.887011114438238,
          "r2": 0.18683299133839137
        }
      },
      "gradient_boosting": {
        "cv": {
          "train_mae": 7.2454722832120195,
          "train_mae_std": 0.0727253004448456,
          "val_mae": 12.95118063639811,
          "val_mae_std": 0.45634611540237774,
          "train_rmse": 9.03905019973101,
          "train_rmse_std": 0.09243908092306127,
          "val_rmse": 15.934448838510615,
          "val_rmse_std": 0.5256667429811231,
          "train_r2": 0.761628524857794,
          "train_r2_std": 0.006466594985167081,
          "val_r2": 0.25639647569891183,
          "val_r2_std": 0.050528162123517524
        },
        "test": {
          "mae": 13.71699519413355,
          "rmse": 16.760467258003395,
          "r2": 0.1989743631817661
        }
      }
    },
    "cardio_metabolic": {
      "linear": {
        "cv": {
          "train_mae": 12.37067341428343,
          "train_mae_std": 0.11346643736927343,
          "val_mae": 12.443467404237534,
          "val_mae_std": 0.45984980168174877,
          "train_rmse": 14.996480366993813,
          "train_rmse_std": 0.10397386149253811,
          "val_rmse": 15.079407211542167,
          "val_rmse_std": 0.3945114344626883,
          "train_r2": 0.34400381924075474,
          "train_r2_std": 0.009714911549939533,
          "val_r2": 0.3344457582450561,
          "val_r2_std": 0.03427758909323335
        },
        "test": {
          "mae": 13.04578648081269,
          "rmse": 15.650382175286671,
          "r2": 0.3015681007789872
        }
      },
      "gradient_boosting": {
        "cv": {
          "train_mae": 6.147027538308288,
          "train_mae_std": 0.09515726472903686,
          "val_mae": 10.71212425816942,
          "val_mae_std": 0.2463813649005889,
          "train_rmse": 7.921929640528106,
          "train_rmse_std": 0.13963994323104845,
          "val_rmse": 13.670219712175012,
          "val_rmse_std": 0.46044315652984413,
          "train_r2": 0.8168212451995769,
          "train_r2_std": 0.008343630151066145,
          "val_r2": 0.45073642604242165,
          "val_r2_std": 0.05948782684022929
        },
        "test": {
          "mae": 11.03260456901367,
          "rmse": 14.231160123386395,
          "r2": 0.42249628500444114
        }
      }
    },
    "immune": {
      "linear": {
        "cv": {
          "train_mae": 15.147858223583066,
          "train_mae_std": 0.13498714036544057,
          "val_mae": 15.236121758761275,
          "val_mae_std": 0.4959103392162276,
          "train_rmse": 17.6801093204086,
          "train_rmse_std": 0.10772922719632667,
          "val_rmse": 17.8141456378801,
          "val_rmse_std": 0.40361106725710155,
          "train_r2": 0.08829306741560035,
          "train_r2_std": 0.00461555530252231,
          "val_r2": 0.07194576167624549,
          "val_r2_std": 0.02275295356585679
        },
        "test": {
          "mae": 15.309098888629402,
          "rmse": 17.821815504099103,
          "r2": 0.09431315688584219
        }
      },
      "gradient_boosting": {
        "cv": {
          "train_mae": 8.800527413144614,
          "train_mae_std": 0.08091843425504297,
          "val_mae": 15.284871620949781,
          "val_mae_std": 0.3521855686614648,
          "train_rmse": 10.77580490164046,
          "train_rmse_std": 0.09379277754400994,
          "val_rmse": 18.30949660000252,
          "val_rmse_std": 0.35900444428288014,
          "train_r2": 0.6612112621759818,
          "train_r2_std": 0.009384356644727025,
          "val_r2": 0.018885766021089247,
          "val_r2_std": 0.04252625690726165
        },
        "test": {
          "mae": 15.327029527836403,
          "rmse": 18.23559853977827,
          "r2": 0.05176885219729144
        }
      }
    },
    "hematologic": {
      "linear": {
        "cv": {
          "train_mae": 14.368072054043106,
          "train_mae_std": 0.11059261568179037,
          "val_mae": 14.452836513598251,
          "val_mae_std": 0.4726346665630456,
          "train_rmse": 16.88012581553527,
          "train_rmse_std": 0.10020261667422058,
          "val_rmse": 16.96263932064489,
          "val_rmse_std": 0.4273257045537127,
          "train_r2": 0.16890226152051038,
          "train_r2_std": 0.007996977832610809,
          "val_r2": 0.1583038697682958,