{
  "liver": {
    "linear": {
      "train": {
        "mae": 13.602079685725988,
        "rmse": 16.21557632017884,
        "r2": 0.22597187722932444
      },
      "val": {
        "mae": 14.344943337014875,
        "rmse": 16.986714066458784,
        "r2": 0.1814416790077662
      },
      "test": {
        "mae": 13.822241673125836,
        "rmse": 16.51411300176949,
        "r2": 0.22234910527080953
      }
    },
    "gradient_boosting": {
      "train": {
        "mae": 6.99637495783086,
        "rmse": 9.056266791239075,
        "r2": 0.7585704754815197
      },
      "val": {
        "mae": 12.936413376597628,
        "rmse": 15.773646249025527,
        "r2": 0.2941781992205651
      },
      "test": {
        "mae": 12.561193585227619,
        "rmse": 15.420690955700092,
        "r2": 0.32191858835044596
      }
    }
  },
  "kidney": {
    "linear": {
      "train": {
        "mae": 13.894079959187335,
        "rmse": 16.47952633228262,
        "r2": 0.20056821354827215
      },
      "val": {
        "mae": 14.260828154525846,
        "rmse": 16.989771856454126,
        "r2": 0.1811469539990026
      },
      "test": {
        "mae": 14.349964179239254,
        "rmse": 16.88324424708162,
        "r2": 0.18719572582211674
      }
    },
    "gradient_boosting": {
      "train": {
        "mae": 6.834954291482525,
        "rmse": 8.504144116181475,
        "r2": 0.7871110177549374
      },
      "val": {
        "mae": 13.675403650069697,
        "rmse": 16.93299941320398,
        "r2": 0.186610313558624
      },
      "test": {
        "mae": 13.558518716021833,
        "rmse": 16.772747733746204,
        "r2": 0.19780010239883705
      }
    }
  },
  "cardio_metabolic": {
    "linear": {
      "train": {
        "mae": 12.141845023792747,
        "rmse": 14.759391097367978,
        "r2": 0.3587478343608572
      },
      "val": {
        "mae": 12.89754362812565,
        "rmse": 15.5683782223369,
        "r2": 0.31242888665770174
      },
      "test": {
        "mae": 13.035794074287773,
        "rmse": 15.621952830352146,
        "r2": 0.3041032372002025
      }
    },
    "gradient_boosting": {
      "train": {
        "mae": 5.719590423319764,
        "rmse": 7.384012152940369,
        "r2": 0.8394993599717093
      },
      "val": {
        "mae": 11.184863179493236,
        "rmse": 14.378147479598537,
        "r2": 0.41354223274746227
      },
      "test": {
        "mae": 10.840308887403513,
        "rmse": 14.031636300546362,
        "r2": 0.43857621151128856
      }
    }
  },
  "immune": {
    "linear": {
      "train": {
        "mae": 15.135947994530662,
        "rmse": 17.68572077596815,
        "r2": 0.07925898168578349
      },
      "val": {
        "mae": 15.65265761764954,
        "rmse": 18.24813891335048,
        "r2": 0.05535630249009815
      },
      "test": {
        "mae": 15.481021887700171,
        "rmse": 17.955871209676715,
        "r2": 0.0806367588600414
      }
    },
    "gradient_boosting": {
      "train": {
        "mae": 8.629194796307916,
        "rmse": 10.601347632111795,
        "r2": 0.6691629690628084
      },
      "val": {
        "mae": 15.807021261891686,
        "rmse": 18.829676461701432,
        "r2": -0.00581148523767383
      },
      "test": {
        "mae": 15.269213404258052,
        "rmse": 18.14536274805755,
        "r2": 0.06112995846195424
      }
    }
  },
  "hematologic": {
    "linear": {
      "train": {
        "mae": 14.231082216311037,
        "rmse": 16.752956159275225,
        "r2": 0.17381963948199464
      },
      "val": {
        "mae": 14.707595933175854,
        "rmse": 17.261066948823455,
        "r2": 0.15478703786548198
      },
      "test": {
        "mae": 14.778069831778929,
        "rmse": 17.374815817007136,
        "r2": 0.1391755555230928
      }
    },
    "gradient_boosting": {
      "train": {
        "mae": 7.8147398940243775,
        "rmse": 9.693179366711586,
        "r2": 0.7234176506198431
      },
      "val": {
        "mae": 13.678192080006705,
        "rmse": 17.048048172007956,
        "r2": 0.17551985315035112
      },
      "test": {
        "mae": 14.964922035212096,
        "rmse": 18.005274646889852,
        "r2": 0.07557076266559737
      }
    }
  }
}