{
  "liver": {
    "linear": {
      "train": {
        "mae": 13.608495635985602,
        "rmse": 16.218132233221954,
        "r2": 0.22572785204635715
      },
      "val": {
        "mae": 14.344625941146568,
        "rmse": 16.99002628715975,
        "r2": 0.1811224283114221
      },
      "test": {
        "mae": 13.8153532922468,
        "rmse": 16.504754892892475,
        "r2": 0.22323020373517655
      }
    },
    "gradient_boosting": {
      "train": {
        "mae": 7.109859885263503,
        "rmse": 9.216404578554434,
        "r2": 0.749956813403655
      },
      "val": {
        "mae": 13.322826435250049,
        "rmse": 16.153893786901865,
        "r2": 0.2597382308817988
      },
      "test": {
        "mae": 12.627997469748209,
        "rmse": 15.551804762440682,
        "r2": 0.3103388485621561
      }
    }
  },
  "kidney": {
    "linear": {
      "train": {
        "mae": 13.894379523875246,
        "rmse": 16.47971542039858,
        "r2": 0.20054986788535412
      },
      "val": {
        "mae": 14.261175278256484,
        "rmse": 16.990982083478073,
        "r2": 0.1810302916460279
      },
      "test": {
        "mae": 14.350983216410258,
        "rmse": 16.884259969830456,
        "r2": 0.1870979236919379
      }
    },
    "gradient_boosting": {
      "train": {
        "mae": 7.056625332286456,
        "rmse": 8.787805493313886,
        "r2": 0.7726720505076878
      },
      "val": {
        "mae": 13.752585879452969,
        "rmse": 16.97815165634128,
        "r2": 0.18226668442884097
      },
      "test": {
        "mae": 13.700396013564367,
        "rmse": 16.813756376503754,
        "r2": 0.19387261889136165
      }
    }
  },
  "cardio_metabolic": {
    "linear": {
      "train": {
        "mae": 12.155336796040373,
        "rmse": 14.783698248683493,
        "r2": 0.35663394654564584
      },
      "val": {
        "mae": 12.916809507758963,
        "rmse": 15.589633480147675,
        "r2": 0.31055014533462866
      },
      "test": {
        "mae": 13.04578648081269,
        "rmse": 15.650382175286671,
        "r2": 0.3015681007789872
      }
    },
    "gradient_boosting": {
      "train": {
        "mae": 5.920137657062414,
        "rmse": 7.627291343904734,
        "r2": 0.8287491899889136
      },
      "val": {
        "mae": 11.54341903366221,
        "rmse": 14.686070634625352,
        "r2": 0.3881540353288635
      },
      "test": {
        "mae": 11.03260456901367,
        "rmse": 14.231160123386395,
        "r2": 0.42249628500444114
      }
    }
  },
  "immune": {
    "linear": {
      "train": {
        "mae": 15.136828731431017,
        "rmse": 17.68929908890807,
        "r2": 0.07888636098838187
      },
      "val": {
        "mae": 15.660373958791194,
        "rmse": 18.256695026799218,
        "r2": 0.05447025339513656
      },
      "test": {
        "mae": 15.487872240058802,
        "rmse": 17.964392604454325,
        "r2": 0.07976393949095995
      }
    },
    "gradient_boosting": {
      "train": {
        "mae": 8.782002730827223,
        "rmse": 10.735397039605674,
        "r2": 0.6607434938652587
      },
      "val": {
        "mae": 15.791553665053346,
        "rmse": 18.9031902658414,
        "r2": -0.013680485744382409
      },
      "test": {
        "mae": 15.41519385871847,
        "rmse": 18.265197050540035,
        "r2": 0.04868817380227386
      }
    }
  },
  "hematologic": {
    "linear": {
      "train": {
        "mae": 14.245658142750838,
        "rmse": 16.762429109764376,
        "r2": 0.17288504880043443
      },
      "val": {
        "mae": 14.691464213223417,
        "rmse": 17.26444109333613,
        "r2": 0.15445656589355927
      },
      "test": {
        "mae": 14.793940847421542,
        "rmse": 17.386038638716535,
        "r2": 0.13806314092656014
      }
    },
    "gradient_boosting": {
      "train": {
        "mae": 7.969852348551365,
        "rmse": 9.949706392477005,
        "r2": 0.7085846033854192
      },
      "val": {
        "mae": 14.283160568748585,
        "rmse": 17.516754528220822,
        "r2": 0.12956135797968105
      },
      "test": {
        "mae": 15.458323192412756,
        "rmse": 18.50755129389621,
        "r2": 0.023275469112336578
      }
    }
  }
}